{"cameraMode":{"drawMode":0,"name":"Shaded","section":"Shading Mode"},"sceneLighting":false,"audioPlay":false,"sceneViewState":{"showFog":false,"showMaterialUpdate":false,"showSkybox":false,"showFlares":false,"showImageEffects":false,"showParticleSystems":false},"in2DMode":false,"pivot":{"x":-2.0262272357940676,"y":-0.5912984609603882,"z":0.8436381816864014},"rotation":{"x":-0.20039251446723939,"y":0.6557703614234924,"z":-0.1867961287498474,"w":-0.7035034894943237},"size":7.13393497467041,"orthographic":false}