{"cameraMode":{"drawMode":0,"name":"Shaded","section":"Shading Mode"},"sceneLighting":false,"audioPlay":false,"sceneViewState":{"showFog":false,"showMaterialUpdate":false,"showSkybox":false,"showFlares":false,"showImageEffects":false,"showParticleSystems":false},"in2DMode":false,"pivot":{"x":-12.815958023071289,"y":-0.5056367516517639,"z":1.453200340270996},"rotation":{"x":-0.22896921634674073,"y":0.6135877966880798,"z":-0.19223886728286744,"w":-0.7308548092842102},"size":7.751532554626465,"orthographic":false}