{"cameraMode":{"drawMode":0,"name":"Shaded","section":"Shading Mode"},"sceneLighting":true,"audioPlay":false,"sceneViewState":{"showFog":false,"showMaterialUpdate":false,"showSkybox":false,"showFlares":false,"showImageEffects":false,"showParticleSystems":false},"in2DMode":false,"pivot":{"x":1.451596975326538,"y":14.234704971313477,"z":10.126168251037598},"rotation":{"x":0.20333552360534669,"y":0.03523940593004227,"z":-0.0073232450522482399,"w":0.9784477353096008},"size":419.1873474121094,"orthographic":false}